stimulus_id,stimulus_text,response_start,response_end,response_duration,response_file,transcription,transcription_norm,stimulus_norm,wer,cer,n_ref_words,n_hyp_words,no_speech_prob,asr_status,backend,elapsed_s,word_timestamps
1,Quiero cortarme el pelo,4.7,6.3,1.6,eit_output_v3/038015_1A_preprocessed/responses/response_01.wav,Quiero cortar mi pelo.,quiero cortar mi pelo,quiero cortarme el pelo,0.5,0.1739,4,4,0.0088,OK,mlx,73.806,"[{""word"": ""Quiero"", ""start"": 0.0, ""end"": 0.4, ""probability"": 0.9267578125}, {""word"": ""cortar"", ""start"": 0.4, ""end"": 0.66, ""probability"": 0.85205078125}, {""word"": ""mi"", ""start"": 0.66, ""end"": 1.04, ""probability"": 0.8984375}, {""word"": ""pelo."", ""start"": 1.04, ""end"": 1.32, ""probability"": 0.95654296875}]"
2,El libro está en la mesa,12.0,13.6,1.6,eit_output_v3/038015_1A_preprocessed/responses/response_02.wav,El libro está en la mesa.,el libro está en la mesa,el libro está en la mesa,0.0,0.0,6,6,0.1262,OK,mlx,50.105,"[{""word"": ""El"", ""start"": 0.0, ""end"": 0.2, ""probability"": 0.966796875}, {""word"": ""libro"", ""start"": 0.2, ""end"": 0.48, ""probability"": 0.99169921875}, {""word"": ""está"", ""start"": 0.48, ""end"": 0.78, ""probability"": 0.9619140625}, {""word"": ""en"", ""start"": 0.78, ""end"": 1.02, ""probability"": 0.99755859375}, {""word"": ""la"", ""start"": 1.02, ""end"": 1.12, ""probability"": 0.99951171875}, {""word"": ""mesa."", ""start"": 1.12, ""end"": 1.4, ""probability"": 1.0}]"
3,El carro lo tiene Pedro,19.3,21.5,2.2,eit_output_v3/038015_1A_preprocessed/responses/response_03.wav,¿El carro no tiene pelo?,el carro no tiene pelo,el carro lo tiene pedro,0.4,0.1304,5,5,0.0083,OK,mlx,3.297,"[{""word"": ""¿El"", ""start"": 0.0, ""end"": 0.2, ""probability"": 0.7705078125}, {""word"": ""carro"", ""start"": 0.2, ""end"": 0.52, ""probability"": 0.95947265625}, {""word"": ""no"", ""start"": 0.52, ""end"": 0.76, ""probability"": 0.998046875}, {""word"": ""tiene"", ""start"": 0.76, ""end"": 1.06, ""probability"": 0.998046875}, {""word"": ""pelo?"", ""start"": 1.06, ""end"": 1.54, ""probability"": 0.99072265625}]"
4,El se ducha cada mañana,27.5,29.1,1.6,eit_output_v3/038015_1A_preprocessed/responses/response_04.wav,Él se ducha cada mañana.,él se ducha cada mañana,el se ducha cada mañana,0.2,0.0435,5,5,0.0347,OK,mlx,3.01,"[{""word"": ""Él"", ""start"": 0.0, ""end"": 0.18, ""probability"": 0.81201171875}, {""word"": ""se"", ""start"": 0.18, ""end"": 0.34, ""probability"": 0.966796875}, {""word"": ""ducha"", ""start"": 0.34, ""end"": 0.76, ""probability"": 0.9970703125}, {""word"": ""cada"", ""start"": 0.76, ""end"": 1.02, ""probability"": 0.998046875}, {""word"": ""mañana."", ""start"": 1.02, ""end"": 1.38, ""probability"": 0.998046875}]"
5,¿Qué dice usted que va a hacer hoy?,36.6,38.7,2.1,eit_output_v3/038015_1A_preprocessed/responses/response_05.wav,¿Qué dice usted es que va a ser hoy?,qué dice usted es que va a ser hoy,qué dice usted que va a hacer hoy,0.25,0.1818,8,9,0.0245,OK,mlx,4.234,"[{""word"": ""¿Qué"", ""start"": 0.0, ""end"": 0.2, ""probability"": 0.85791015625}, {""word"": ""dice"", ""start"": 0.2, ""end"": 0.38, ""probability"": 0.63232421875}, {""word"": ""usted"", ""start"": 0.38, ""end"": 0.72, ""probability"": 0.52294921875}, {""word"": ""es"", ""start"": 0.72, ""end"": 0.96, ""probability"": 0.404296875}, {""word"": ""que"", ""start"": 0.96, ""end"": 1.08, ""probability"": 0.9814453125}, {""word"": ""va"", ""start"": 1.08, ""end"": 1.3, ""probability"": 0.90234375}, {""word"": ""a"", ""start"": 1.3, ""end"": 1.3, ""probability"": 0.9658203125}, {""word"": ""ser"", ""start"": 1.3, ""end"": 1.5, ""probability"": 0.9736328125}, {""word"": ""hoy?"", ""start"": 1.5, ""end"": 1.82, ""probability"": 0.90869140625}]"
6,Dudo que sepa manejar muy bien,45.4,47.3,1.9,eit_output_v3/038015_1A_preprocessed/responses/response_06.wav,Tuvo que sepaman a Jorbean.,tuvo que sepaman a jorbean,dudo que sepa manejar muy bien,0.8333,0.4,6,5,0.0779,OK,mlx,4.313,"[{""word"": ""Tuvo"", ""start"": 0.0, ""end"": 0.36, ""probability"": 0.7041015625}, {""word"": ""que"", ""start"": 0.36, ""end"": 0.46, ""probability"": 0.9775390625}, {""word"": ""sepaman"", ""start"": 0.46, ""end"": 1.06, ""probability"": 0.77099609375}, {""word"": ""a"", ""start"": 1.06, ""end"": 1.26, ""probability"": 0.9326171875}, {""word"": ""Jorbean."", ""start"": 1.26, ""end"": 1.88, ""probability"": 0.59228515625}]"
7,Las calles de esta ciudad son muy anchas,55.4,58.8,3.4,eit_output_v3/038015_1A_preprocessed/responses/response_07.wav,Las calles de esta ciudad son muy anchas.,las calles de esta ciudad son muy anchas,las calles de esta ciudad son muy anchas,0.0,0.0,8,8,0.0142,OK,mlx,4.332,"[{""word"": ""Las"", ""start"": 0.0, ""end"": 0.18, ""probability"": 0.9462890625}, {""word"": ""calles"", ""start"": 0.18, ""end"": 0.68, ""probability"": 0.998046875}, {""word"": ""de"", ""start"": 0.68, ""end"": 0.8, ""probability"": 0.9931640625}, {""word"": ""esta"", ""start"": 0.8, ""end"": 1.08, ""probability"": 0.87939453125}, {""word"": ""ciudad"", ""start"": 1.08, ""end"": 1.56, ""probability"": 0.99365234375}, {""word"": ""son"", ""start"": 1.56, ""end"": 1.98, ""probability"": 0.9892578125}, {""word"": ""muy"", ""start"": 1.98, ""end"": 2.3, ""probability"": 0.994140625}, {""word"": ""anchas."", ""start"": 2.3, ""end"": 3.32, ""probability"": 0.92138671875}]"
8,Puede que llueva mañana todo el día,66.5,68.5,2.0,eit_output_v3/038015_1A_preprocessed/responses/response_08.wav,Puede que lleve mañana todo el día.,puede que lleve mañana todo el día,puede que llueva mañana todo el día,0.1429,0.0571,7,7,0.071,OK,mlx,3.096,"[{""word"": ""Puede"", ""start"": 0.0, ""end"": 0.28, ""probability"": 0.89892578125}, {""word"": ""que"", ""start"": 0.28, ""end"": 0.44, ""probability"": 0.9970703125}, {""word"": ""lleve"", ""start"": 0.44, ""end"": 0.8, ""probability"": 0.8388671875}, {""word"": ""mañana"", ""start"": 0.8, ""end"": 1.02, ""probability"": 0.990234375}, {""word"": ""todo"", ""start"": 1.02, ""end"": 1.46, ""probability"": 0.9912109375}, {""word"": ""el"", ""start"": 1.46, ""end"": 1.7, ""probability"": 0.8544921875}, {""word"": ""día."", ""start"": 1.7, ""end"": 1.92, ""probability"": 0.9873046875}]"
9,Las casas son muy bonitas pero caras,77.8,80.5,2.7,eit_output_v3/038015_1A_preprocessed/responses/response_09.wav,Las casas son muy bonitas pero caras.,las casas son muy bonitas pero caras,las casas son muy bonitas pero caras,0.0,0.0,7,7,0.0579,OK,mlx,3.255,"[{""word"": ""Las"", ""start"": 0.0, ""end"": 0.24, ""probability"": 0.91064453125}, {""word"": ""casas"", ""start"": 0.24, ""end"": 0.66, ""probability"": 0.970703125}, {""word"": ""son"", ""start"": 0.66, ""end"": 0.82, ""probability"": 0.9296875}, {""word"": ""muy"", ""start"": 0.82, ""end"": 1.08, ""probability"": 0.99755859375}, {""word"": ""bonitas"", ""start"": 1.08, ""end"": 1.68, ""probability"": 0.849609375}, {""word"": ""pero"", ""start"": 1.68, ""end"": 2.06, ""probability"": 0.68798828125}, {""word"": ""caras."", ""start"": 2.06, ""end"": 2.68, ""probability"": 0.966796875}]"
10,Me gustan las películas que acaban bien,89.5,92.0,2.5,eit_output_v3/038015_1A_preprocessed/responses/response_10.wav,Me gustan las películas que acaban bien.,me gustan las películas que acaban bien,me gustan las películas que acaban bien,0.0,0.0,7,7,0.0373,OK,mlx,3.271,"[{""word"": ""Me"", ""start"": 0.0, ""end"": 0.16, ""probability"": 0.962890625}, {""word"": ""gustan"", ""start"": 0.16, ""end"": 0.66, ""probability"": 0.7744140625}, {""word"": ""las"", ""start"": 0.66, ""end"": 0.8, ""probability"": 0.9912109375}, {""word"": ""películas"", ""start"": 0.8, ""end"": 1.44, ""probability"": 0.9873046875}, {""word"": ""que"", ""start"": 1.44, ""end"": 1.6, ""probability"": 0.9970703125}, {""word"": ""acaban"", ""start"": 1.6, ""end"": 2.1, ""probability"": 0.99609375}, {""word"": ""bien."", ""start"": 2.1, ""end"": 2.36, ""probability"": 0.99853515625}]"
11,El chico con el que yo salgo es español,101.7,104.4,2.7,eit_output_v3/038015_1A_preprocessed/responses/response_11.wav,El chico con esto algo es español.,el chico con esto algo es español,el chico con el que yo salgo es español,0.4444,0.2051,9,7,0.021,OK,mlx,3.341,"[{""word"": ""El"", ""start"": 0.0, ""end"": 0.22, ""probability"": 0.9541015625}, {""word"": ""chico"", ""start"": 0.22, ""end"": 0.66, ""probability"": 0.9931640625}, {""word"": ""con"", ""start"": 0.66, ""end"": 0.88, ""probability"": 0.9873046875}, {""word"": ""esto"", ""start"": 0.88, ""end"": 1.2, ""probability"": 0.98681640625}, {""word"": ""algo"", ""start"": 1.2, ""end"": 1.6, ""probability"": 0.98681640625}, {""word"": ""es"", ""start"": 1.6, ""end"": 2.02, ""probability"": 0.98095703125}, {""word"": ""español."", ""start"": 2.02, ""end"": 2.38, ""probability"": 0.91455078125}]"
12,Después de cenar me fui a dormir tranquilo,113.8,117.2,3.4,eit_output_v3/038015_1A_preprocessed/responses/response_12.wav,"Después de cenar, me fui a dormir tranquilo.",después de cenar me fui a dormir tranquilo,después de cenar me fui a dormir tranquilo,0.0,0.0,8,8,0.0183,OK,mlx,3.828,"[{""word"": ""Después"", ""start"": 0.0, ""end"": 0.36, ""probability"": 0.9365234375}, {""word"": ""de"", ""start"": 0.36, ""end"": 0.64, ""probability"": 0.9951171875}, {""word"": ""cenar,"", ""start"": 0.64, ""end"": 1.12, ""probability"": 0.9990234375}, {""word"": ""me"", ""start"": 1.12, ""end"": 1.28, ""probability"": 0.99853515625}, {""word"": ""fui"", ""start"": 1.28, ""end"": 1.54, ""probability"": 0.99658203125}, {""word"": ""a"", ""start"": 1.54, ""end"": 1.74, ""probability"": 0.99658203125}, {""word"": ""dormir"", ""start"": 1.74, ""end"": 2.06, ""probability"": 0.9970703125}, {""word"": ""tranquilo."", ""start"": 2.06, ""end"": 3.36, ""probability"": 0.9951171875}]"
13,Quiero una casa en la que vivan mis animales,125.8,128.8,3.0,eit_output_v3/038015_1A_preprocessed/responses/response_13.wav,Quiero una casa en la que vivan mis animales.,quiero una casa en la que vivan mis animales,quiero una casa en la que vivan mis animales,0.0,0.0,9,9,0.018,OK,mlx,3.383,"[{""word"": ""Quiero"", ""start"": 0.0, ""end"": 0.4, ""probability"": 0.9697265625}, {""word"": ""una"", ""start"": 0.4, ""end"": 0.62, ""probability"": 0.9970703125}, {""word"": ""casa"", ""start"": 0.62, ""end"": 0.98, ""probability"": 0.99853515625}, {""word"": ""en"", ""start"": 0.98, ""end"": 1.32, ""probability"": 0.99365234375}, {""word"": ""la"", ""start"": 1.32, ""end"": 1.44, ""probability"": 0.81591796875}, {""word"": ""que"", ""start"": 1.44, ""end"": 1.6, ""probability"": 0.93505859375}, {""word"": ""vivan"", ""start"": 1.6, ""end"": 2.02, ""probability"": 0.8427734375}, {""word"": ""mis"", ""start"": 2.02, ""end"": 2.26, ""probability"": 0.98876953125}, {""word"": ""animales."", ""start"": 2.26, ""end"": 2.56, ""probability"": 0.9970703125}]"
14,A nosotros nos fascinan las fiestas grandiosas,139.3,142.5,3.2,eit_output_v3/038015_1A_preprocessed/responses/response_14.wav,A nosotros nos fascinan las fiestas grandes.,a nosotros nos fascinan las fiestas grandes,a nosotros nos fascinan las fiestas grandiosas,0.1429,0.087,7,7,0.0396,OK,mlx,3.076,"[{""word"": ""A"", ""start"": 0.0, ""end"": 0.2, ""probability"": 0.9755859375}, {""word"": ""nosotros"", ""start"": 0.2, ""end"": 0.64, ""probability"": 0.98828125}, {""word"": ""nos"", ""start"": 0.64, ""end"": 1.1, ""probability"": 0.9931640625}, {""word"": ""fascinan"", ""start"": 1.1, ""end"": 1.74, ""probability"": 0.99853515625}, {""word"": ""las"", ""start"": 1.74, ""end"": 1.92, ""probability"": 0.9990234375}, {""word"": ""fiestas"", ""start"": 1.92, ""end"": 2.52, ""probability"": 0.9990234375}, {""word"": ""grandes."", ""start"": 2.52, ""end"": 2.76, ""probability"": 0.99755859375}]"
15,Ella sólo bebe cerveza y no come nada,153.1,156.5,3.4,eit_output_v3/038015_1A_preprocessed/responses/response_15.wav,Ella solo bebe cerveza y come nada.,ella solo bebe cerveza y come nada,ella sólo bebe cerveza y no come nada,0.25,0.1081,8,7,0.0173,OK,mlx,3.47,"[{""word"": ""Ella"", ""start"": 0.0, ""end"": 0.28, ""probability"": 0.943359375}, {""word"": ""solo"", ""start"": 0.28, ""end"": 0.6, ""probability"": 0.787109375}, {""word"": ""bebe"", ""start"": 0.6, ""end"": 1.12, ""probability"": 0.953125}, {""word"": ""cerveza"", ""start"": 1.12, ""end"": 2.3, ""probability"": 0.9794921875}, {""word"": ""y"", ""start"": 2.3, ""end"": 2.46, ""probability"": 0.9912109375}, {""word"": ""come"", ""start"": 2.46, ""end"": 2.94, ""probability"": 0.95703125}, {""word"": ""nada."", ""start"": 2.94, ""end"": 3.22, ""probability"": 0.99609375}]"
16,Me gustaría que el precio de las casas bajara,166.5,168.8,2.3,eit_output_v3/038015_1A_preprocessed/responses/response_16.wav,Me gustaría las preciosas cajas.,me gustaría las preciosas cajas,me gustaría que el precio de las casas bajara,0.6667,0.4222,9,5,0.0263,OK,mlx,4.315,"[{""word"": ""Me"", ""start"": 0.0, ""end"": 0.22, ""probability"": 0.92236328125}, {""word"": ""gustaría"", ""start"": 0.22, ""end"": 0.62, ""probability"": 0.9619140625}, {""word"": ""las"", ""start"": 0.62, ""end"": 0.94, ""probability"": 0.98046875}, {""word"": ""preciosas"", ""start"": 0.94, ""end"": 1.58, ""probability"": 0.82861328125}, {""word"": ""cajas."", ""start"": 1.58, ""end"": 1.98, ""probability"": 0.99609375}]"
17,Cruza a la derecha y después sigue todo recto,180.4,183.5,3.1,eit_output_v3/038015_1A_preprocessed/responses/response_17.wav,Cruza a la derecha y sigue el todo resto.,cruza a la derecha y sigue el todo resto,cruza a la derecha y después sigue todo recto,0.3333,0.2667,9,9,0.0262,OK,mlx,3.419,"[{""word"": ""Cruza"", ""start"": 0.0, ""end"": 0.44, ""probability"": 0.9453125}, {""word"": ""a"", ""start"": 0.44, ""end"": 0.6, ""probability"": 0.97412109375}, {""word"": ""la"", ""start"": 0.6, ""end"": 0.62, ""probability"": 0.99658203125}, {""word"": ""derecha"", ""start"": 0.62, ""end"": 1.2, ""probability"": 0.9990234375}, {""word"": ""y"", ""start"": 1.2, ""end"": 1.34, ""probability"": 0.98193359375}, {""word"": ""sigue"", ""start"": 1.34, ""end"": 1.72, ""probability"": 0.9931640625}, {""word"": ""el"", ""start"": 1.72, ""end"": 2.2, ""probability"": 0.84521484375}, {""word"": ""todo"", ""start"": 2.2, ""end"": 2.42, ""probability"": 0.65380859375}, {""word"": ""resto."", ""start"": 2.42, ""end"": 2.72, ""probability"": 0.765625}]"
18,Ella ha terminado de pintar su apartamento,194.2,197.7,3.5,eit_output_v3/038015_1A_preprocessed/responses/response_18.wav,Ella ha terminado de pintar su apartamento.,ella ha terminado de pintar su apartamento,ella ha terminado de pintar su apartamento,0.0,0.0,7,7,0.0164,OK,mlx,3.863,"[{""word"": ""Ella"", ""start"": 0.0, ""end"": 0.32, ""probability"": 0.322998046875}, {""word"": ""ha"", ""start"": 0.32, ""end"": 0.56, ""probability"": 0.919921875}, {""word"": ""terminado"", ""start"": 0.56, ""end"": 1.28, ""probability"": 0.99609375}, {""word"": ""de"", ""start"": 1.28, ""end"": 1.36, ""probability"": 0.75244140625}, {""word"": ""pintar"", ""start"": 1.36, ""end"": 2.4, ""probability"": 0.97998046875}, {""word"": ""su"", ""start"": 2.4, ""end"": 2.56, ""probability"": 0.98583984375}, {""word"": ""apartamento."", ""start"": 2.56, ""end"": 3.36, ""probability"": 0.9912109375}]"
19,Me gustaría que empezara a hacer más calor pronto,207.5,211.6,4.1,eit_output_v3/038015_1A_preprocessed/responses/response_19.wav,Me gustaría hacer más calor pronto.,me gustaría hacer más calor pronto,me gustaría que empezara a hacer más calor pronto,0.3333,0.3061,9,6,0.0156,OK,mlx,3.283,"[{""word"": ""Me"", ""start"": 0.0, ""end"": 0.2, ""probability"": 0.9189453125}, {""word"": ""gustaría"", ""start"": 0.2, ""end"": 0.68, ""probability"": 0.98046875}, {""word"": ""hacer"", ""start"": 0.68, ""end"": 1.18, ""probability"": 0.98681640625}, {""word"": ""más"", ""start"": 1.18, ""end"": 2.22, ""probability"": 0.80810546875}, {""word"": ""calor"", ""start"": 2.22, ""end"": 3.32, ""probability"": 0.99462890625}, {""word"": ""pronto."", ""start"": 3.32, ""end"": 3.74, ""probability"": 0.99755859375}]"
20,El niño al que se le murió el gato está triste,221.2,226.2,5.0,eit_output_v3/038015_1A_preprocessed/responses/response_20.wav,El niño que se murió del gato y está triste.,el niño que se murió del gato y está triste,el niño al que se le murió el gato está triste,0.3636,0.1957,11,10,0.0202,OK,mlx,3.138,"[{""word"": ""El"", ""start"": 0.0, ""end"": 0.24, ""probability"": 0.81640625}, {""word"": ""niño"", ""start"": 0.24, ""end"": 0.52, ""probability"": 0.9794921875}, {""word"": ""que"", ""start"": 0.52, ""end"": 2.32, ""probability"": 0.7861328125}, {""word"": ""se"", ""start"": 2.32, ""end"": 2.46, ""probability"": 0.9931640625}, {""word"": ""murió"", ""start"": 2.46, ""end"": 2.98, ""probability"": 0.9697265625}, {""word"": ""del"", ""start"": 2.98, ""end"": 3.12, ""probability"": 0.44775390625}, {""word"": ""gato"", ""start"": 3.12, ""end"": 3.64, ""probability"": 0.998046875}, {""word"": ""y"", ""start"": 3.64, ""end"": 3.84, ""probability"": 0.98876953125}, {""word"": ""está"", ""start"": 3.84, ""end"": 4.24, ""probability"": 0.8916015625}, {""word"": ""triste."", ""start"": 4.24, ""end"": 4.66, ""probability"": 0.9990234375}]"
21,Una amiga mía cuida a los niños de mi vecino,235.1,237.8,2.7,eit_output_v3/038015_1A_preprocessed/responses/response_21.wav,Una amiga me ha cuidado a los niños.,una amiga me ha cuidado a los niños,una amiga mía cuida a los niños de mi vecino,0.6,0.4091,10,8,0.0091,OK,mlx,3.06,"[{""word"": ""Una"", ""start"": 0.0, ""end"": 0.22, ""probability"": 0.81982421875}, {""word"": ""amiga"", ""start"": 0.22, ""end"": 0.48, ""probability"": 0.97900390625}, {""word"": ""me"", ""start"": 0.48, ""end"": 0.68, ""probability"": 0.9931640625}, {""word"": ""ha"", ""start"": 0.68, ""end"": 0.74, ""probability"": 0.5400390625}, {""word"": ""cuidado"", ""start"": 0.74, ""end"": 1.02, ""probability"": 0.853515625}, {""word"": ""a"", ""start"": 1.02, ""end"": 1.42, ""probability"": 0.9033203125}, {""word"": ""los"", ""start"": 1.42, ""end"": 1.92, ""probability"": 0.99560546875}, {""word"": ""niños."", ""start"": 1.92, ""end"": 2.3, ""probability"": 0.90185546875}]"
22,El gato que era negro fue perseguido por el perro,249.8,253.0,3.2,eit_output_v3/038015_1A_preprocessed/responses/response_22.wav,El gato negro fuera perseguido por el perro.,el gato negro fuera perseguido por el perro,el gato que era negro fue perseguido por el perro,0.3,0.2041,10,8,0.0325,OK,mlx,4.204,"[{""word"": ""El"", ""start"": 0.0, ""end"": 0.22, ""probability"": 0.83642578125}, {""word"": ""gato"", ""start"": 0.22, ""end"": 0.62, ""probability"": 0.984375}, {""word"": ""negro"", ""start"": 0.62, ""end"": 0.94, ""probability"": 0.97998046875}, {""word"": ""fuera"", ""start"": 0.94, ""end"": 1.36, ""probability"": 0.939453125}, {""word"": ""perseguido"", ""start"": 1.36, ""end"": 2.38, ""probability"": 0.994140625}, {""word"": ""por"", ""start"": 2.38, ""end"": 2.6, ""probability"": 0.9990234375}, {""word"": ""el"", ""start"": 2.6, ""end"": 2.74, ""probability"": 0.9970703125}, {""word"": ""perro."", ""start"": 2.74, ""end"": 3.16, ""probability"": 0.9990234375}]"
23,Antes de poder salir él tiene que limpiar su cuarto,264.9,269.3,4.4,eit_output_v3/038015_1A_preprocessed/responses/response_23.wav,"Antes de tener que salir, limpiar el cuarto.",antes de tener que salir limpiar el cuarto,antes de poder salir él tiene que limpiar su cuarto,0.6,0.4118,10,8,0.0005,OK,mlx,5.584,"[{""word"": ""Antes"", ""start"": 0.0, ""end"": 0.46, ""probability"": 0.791015625}, {""word"": ""de"", ""start"": 0.46, ""end"": 0.74, ""probability"": 0.9892578125}, {""word"": ""tener"", ""start"": 0.74, ""end"": 1.18, ""probability"": 0.225341796875}, {""word"": ""que"", ""start"": 1.18, ""end"": 1.4, ""probability"": 0.65869140625}, {""word"": ""salir,"", ""start"": 1.4, ""end"": 1.68, ""probability"": 0.97119140625}, {""word"": ""limpiar"", ""start"": 1.86, ""end"": 3.56, ""probability"": 0.98046875}, {""word"": ""el"", ""start"": 3.56, ""end"": 3.7, ""probability"": 0.9697265625}, {""word"": ""cuarto."", ""start"": 3.7, ""end"": 4.02, ""probability"": 0.998046875}]"
24,La cantidad de personas que fuman ha disminuido,280.3,285.2,4.9,eit_output_v3/038015_1A_preprocessed/responses/response_24.wav,La cantidad de personas que fuman es...,la cantidad de personas que fuman es,la cantidad de personas que fuman ha disminuido,0.25,0.2553,8,7,0.0003,OK,mlx,3.656,"[{""word"": ""La"", ""start"": 0.0, ""end"": 0.2, ""probability"": 0.79150390625}, {""word"": ""cantidad"", ""start"": 0.2, ""end"": 0.58, ""probability"": 0.98974609375}, {""word"": ""de"", ""start"": 0.58, ""end"": 0.88, ""probability"": 0.97021484375}, {""word"": ""personas"", ""start"": 0.88, ""end"": 1.74, ""probability"": 0.8583984375}, {""word"": ""que"", ""start"": 1.74, ""end"": 2.5, ""probability"": 0.98095703125}, {""word"": ""fuman"", ""start"": 2.5, ""end"": 3.7, ""probability"": 0.8798828125}, {""word"": ""es..."", ""start"": 3.7, ""end"": 4.78, ""probability"": 0.8642578125}]"
25,Después de llegar a casa del trabajo tomé la cena,295.8,301.0,5.2,eit_output_v3/038015_1A_preprocessed/responses/response_25.wav,"Después de llegar a la casa, después del trabajo, come la cena.",después de llegar a la casa después del trabajo come la cena,después de llegar a casa del trabajo tomé la cena,0.3,0.2653,10,12,0.0572,OK,mlx,3.005,"[{""word"": ""Después"", ""start"": 0.0, ""end"": 0.38, ""probability"": 0.9208984375}, {""word"": ""de"", ""start"": 0.38, ""end"": 0.64, ""probability"": 0.99658203125}, {""word"": ""llegar"", ""start"": 0.64, ""end"": 0.88, ""probability"": 0.9912109375}, {""word"": ""a"", ""start"": 0.88, ""end"": 1.16, ""probability"": 0.99267578125}, {""word"": ""la"", ""start"": 1.16, ""end"": 1.22, ""probability"": 0.93994140625}, {""word"": ""casa,"", ""start"": 1.22, ""end"": 1.54, ""probability"": 0.99609375}, {""word"": ""después"", ""start"": 1.7, ""end"": 2.58, ""probability"": 0.97314453125}, {""word"": ""del"", ""start"": 2.58, ""end"": 3.1, ""probability"": 0.9853515625}, {""word"": ""trabajo,"", ""start"": 3.1, ""end"": 3.46, ""probability"": 0.9990234375}, {""word"": ""come"", ""start"": 3.74, ""end"": 4.54, ""probability"": 0.66943359375}, {""word"": ""la"", ""start"": 4.54, ""end"": 4.76, ""probability"": 0.9970703125}, {""word"": ""cena."", ""start"": 4.76, ""end"": 4.98, ""probability"": 0.99755859375}]"
26,El ladrón al que atrapó la policía era famoso,311.5,316.6,5.1,eit_output_v3/038015_1A_preprocessed/responses/response_26.wav,El otro que atrapó con la publicidad era famosa.,el otro que atrapó con la publicidad era famosa,el ladrón al que atrapó la policía era famoso,0.5556,0.4,9,9,0.0554,OK,mlx,3.141,"[{""word"": ""El"", ""start"": 0.0, ""end"": 0.22, ""probability"": 0.68505859375}, {""word"": ""otro"", ""start"": 0.22, ""end"": 0.36, ""probability"": 0.240234375}, {""word"": ""que"", ""start"": 0.36, ""end"": 0.82, ""probability"": 0.9326171875}, {""word"": ""atrapó"", ""start"": 0.82, ""end"": 2.1, ""probability"": 0.92578125}, {""word"": ""con"", ""start"": 2.1, ""end"": 2.3, ""probability"": 0.99169921875}, {""word"": ""la"", ""start"": 2.3, ""end"": 2.52, ""probability"": 0.984375}, {""word"": ""publicidad"", ""start"": 2.52, ""end"": 3.56, ""probability"": 0.962890625}, {""word"": ""era"", ""start"": 3.56, ""end"": 3.78, ""probability"": 0.97119140625}, {""word"": ""famosa."", ""start"": 3.78, ""end"": 4.42, ""probability"": 0.78955078125}]"
27,Le pedí a un amigo que me ayudara con la tarea,327.2,331.8,4.6,eit_output_v3/038015_1A_preprocessed/responses/response_27.wav,Le pedí a un amigo que me ayude en la tarea.,le pedí a un amigo que me ayude en la tarea,le pedí a un amigo que me ayudara con la tarea,0.1818,0.1087,11,11,0.0066,OK,mlx,3.165,"[{""word"": ""Le"", ""start"": 0.0, ""end"": 0.22, ""probability"": 0.87255859375}, {""word"": ""pedí"", ""start"": 0.22, ""end"": 1.14, ""probability"": 0.943359375}, {""word"": ""a"", ""start"": 1.14, ""end"": 1.24, ""probability"": 0.99462890625}, {""word"": ""un"", ""start"": 1.24, ""end"": 1.44, ""probability"": 0.99658203125}, {""word"": ""amigo"", ""start"": 1.44, ""end"": 1.76, ""probability"": 0.99658203125}, {""word"": ""que"", ""start"": 1.76, ""end"": 2.54, ""probability"": 0.93896484375}, {""word"": ""me"", ""start"": 2.54, ""end"": 2.7, ""probability"": 0.99755859375}, {""word"": ""ayude"", ""start"": 2.7, ""end"": 3.14, ""probability"": 0.826171875}, {""word"": ""en"", ""start"": 3.14, ""end"": 3.3, ""probability"": 0.74951171875}, {""word"": ""la"", ""start"": 3.3, ""end"": 4.14, ""probability"": 0.97412109375}, {""word"": ""tarea."", ""start"": 4.14, ""end"": 4.46, ""probability"": 0.9912109375}]"
28,El examen no fue tan difícil como me habían dicho,343.9,347.8,3.9,eit_output_v3/038015_1A_preprocessed/responses/response_28.wav,"El prueba no fue difícil, me han dicho.",el prueba no fue difícil me han dicho,el examen no fue tan difícil como me habían dicho,0.4,0.3673,10,8,0.0856,OK,mlx,3.948,"[{""word"": ""El"", ""start"": 0.0, ""end"": 0.24, ""probability"": 0.66552734375}, {""word"": ""prueba"", ""start"": 0.24, ""end"": 0.48, ""probability"": 0.384033203125}, {""word"": ""no"", ""start"": 0.48, ""end"": 0.76, ""probability"": 0.9814453125}, {""word"": ""fue"", ""start"": 0.76, ""end"": 1.04, ""probability"": 0.9794921875}, {""word"": ""difícil,"", ""start"": 1.04, ""end"": 2.4, ""probability"": 0.9150390625}, {""word"": ""me"", ""start"": 2.76, ""end"": 2.9, ""probability"": 0.9384765625}, {""word"": ""han"", ""start"": 2.9, ""end"": 3.06, ""probability"": 0.9453125}, {""word"": ""dicho."", ""start"": 3.06, ""end"": 3.64, ""probability"": 0.99951171875}]"
29,¿Serías tan amable de darme el libro que está en la mesa?,357.8,363.5,5.7,eit_output_v3/038015_1A_preprocessed/responses/response_29.wav,"Serías tan amable, puede darme el libro en el mes.",serías tan amable puede darme el libro en el mes,serías tan amable de darme el libro que está en la mesa,0.4167,0.2545,12,10,0.025,OK,mlx,3.443,"[{""word"": ""Serías"", ""start"": 0.0, ""end"": 0.68, ""probability"": 0.7890625}, {""word"": ""tan"", ""start"": 0.68, ""end"": 1.18, ""probability"": 0.99755859375}, {""word"": ""amable,"", ""start"": 1.18, ""end"": 1.7, ""probability"": 0.998046875}, {""word"": ""puede"", ""start"": 1.74, ""end"": 2.16, ""probability"": 0.488037109375}, {""word"": ""darme"", ""start"": 2.16, ""end"": 2.72, ""probability"": 0.99658203125}, {""word"": ""el"", ""start"": 2.72, ""end"": 3.24, ""probability"": 0.98193359375}, {""word"": ""libro"", ""start"": 3.24, ""end"": 4.34, ""probability"": 0.9990234375}, {""word"": ""en"", ""start"": 4.34, ""end"": 5.08, ""probability"": 0.99462890625}, {""word"": ""el"", ""start"": 5.08, ""end"": 5.22, ""probability"": 0.64208984375}, {""word"": ""mes."", ""start"": 5.22, ""end"": 5.44, ""probability"": 0.62841796875}]"
30,Hay mucha gente que no toma nada para el desayuno,372.8,376.3,3.5,eit_output_v3/038015_1A_preprocessed/responses/response_30.wav,Hay mucha gente que no toma nada para el desayuno.,hay mucha gente que no toma nada para el desayuno,hay mucha gente que no toma nada para el desayuno,0.0,0.0,10,10,0.0499,OK,mlx,3.229,"[{""word"": ""Hay"", ""start"": 0.0, ""end"": 0.26, ""probability"": 0.85400390625}, {""word"": ""mucha"", ""start"": 0.26, ""end"": 0.5, ""probability"": 0.99658203125}, {""word"": ""gente"", ""start"": 0.5, ""end"": 0.8, ""probability"": 0.99853515625}, {""word"": ""que"", ""start"": 0.8, ""end"": 1.14, ""probability"": 0.99560546875}, {""word"": ""no"", ""start"": 1.14, ""end"": 1.34, ""probability"": 0.99755859375}, {""word"": ""toma"", ""start"": 1.34, ""end"": 1.68, ""probability"": 0.99365234375}, {""word"": ""nada"", ""start"": 1.68, ""end"": 1.94, ""probability"": 0.99169921875}, {""word"": ""para"", ""start"": 1.94, ""end"": 2.36, ""probability"": 0.9951171875}, {""word"": ""el"", ""start"": 2.36, ""end"": 2.78, ""probability"": 0.99365234375}, {""word"": ""desayuno."", ""start"": 2.78, ""end"": 3.42, ""probability"": 0.99755859375}]"
